Name	title	coding
t2_akpnzm6g	Don’t go to Concordia for arts  c
t2_5mnw95it	How is Nicolas Lepage-Saucier as a teacher?	c
t2_3040f9o4	How do you DISC a class?	c
t2_7rpw1bnj	Winter 2022 Schedule Advice	c
t2_6guk3v38	Retaking a course	c
t2_bmkz9p44	Hi I am new to university today I drop math 204 tomorrow is our medterm is it effect on my GPA	c
t2_fd130qef	Comm 215	c
t2_cqd0uyya	What's going on at Space Concordia	r
t2_g5f4to0e	SOS TUTORING	c
t2_a9t28mrr	Canadian citizen ship	r
t2_9ducq79j	Health and life sciences BcompSc	r
t2_g7cc71v7	Comm 210 help	c
t2_3r4x2yey	Can we Petition Removal Of A Prof From A Teaching Position?	c
t2_clvmuk82	Im thinking of taking Econ 201 or 203 this winter semester	c
t2_4v49mr03	COMP 335 Syllabus	c
t2_fjqmwb1z	About PHYS284	c
t2_10zrd3	Is there and art club or something that students from outside of fine arts can join?	o
t2_zgr23	Chance of concentration mechanical Beng to Soen	o
t2_978m1olc	Anyone down to practice leetcode and tech interview questions?	o
t2_f722fw	Anyone know any good psychoanalysts around?	o
t2_2hza6jpa	Question for CS students	c
t2_4ii1wahm	Relevent post, this scammer is around Concordia (St. Catherines just west of rue Guy)	o
t2_cj94qcfm	Failed Math 208 Midterm	c
t2_fyolvr1i	looking for paid tutorials	c
t2_1moqxo	MATH 204, MATH 205 delivery question	c
t2_8mkd6h1e	BTM salary upon graduation?	o
t2_gb343h96	COMM 225 Midterm 2	c
t2_gep8tq95	Transferring	o
t2_dlt74s2j	Coffee shops to study!	r
t2_7dbdumg4	Surveys about Hair Salons and Nail Salons for COMM 210 Class	c
t2_734zwmhw	Conditional Offer of Admission	o
t2_cnzk6sdd	Comp 218	c
t2_8jqfj07r	Anyone here doing options trading	o
t2_6neraf3y	CAQ and Study Permit	o
t2_aplf8cu0	Chem 203	c
t2_a2qnbvre	Math 204 Advice ?	c
t2_36d502lt	Soccer Tournament	o
t2_7ql05qha	Construction Engineering and Management (MEng)	c
t2_eiyz6ut0	AFE Financial Aid Question	o
t2_86109cyr	Is a tutor allowed to give a quiz after stating no quiz would be given?	c
t2_fd130qef	COMM 205	c
t2_80dmd5ak	Students who live alone. How you manage it out and what is your budget	r
t2_721myyi1	Ontario Transfer to Concordia University	o
t2_ak2z1ki9	Guys , what’s the best website/app to find apartments for rent for students?	r
t2_9ep536g	Can Concordia produce transcripts for an ongoing course?	c
t2_e6gtlb6r	math 204 crash course?	c
t2_fxha9drs	Account Balance	o
t2_5eavg2v9	Wheelchair	o
t2_xn4ft	How will theology department tests work when we return to school in January?	c
t2_8dcl7q6c	Do you drink coffee in the morning?	f
